StationUniqueId,LiftUniqueId,LiftId,NationalRailUprn,LiftName,FriendlyName,FromAreas,IntermediateAreas,IntermediateAreas2,ToAreas,LimitedCapacityLift,LiftNotes
910GACTONML,910GACTONML-Lift-1,1,,,Lift 1,910GACTONML-1001003-AC-S-6,,,910GACTONML-1001003-RPL1-2,False,
910GACTONML,910GACTONML-Lift-2,2,,,Lift 2,910GACTONML-1001003-AC-S-6,,,910GACTONML-1001003-RPL2-5,False,
910GBRENTX,910GBRENTX-Lift-1,1,,,Lift 1,910GBRENTX-1002310-EntW-7,,,910GBRENTX-1002310-FB-8,False,
910GBRENTX,910GBRENTX-Lift-2,2,,,Lift 2 ,910GBRENTX-1002310-RLY-5,,,910GBRENTX-1002310-RPL4-10|910GBRENTX-1002310-RPL3-4,False,
910GBRENTX,910GBRENTX-Lift-3,3,,,Lift 3 ,910GBRENTX-1002310-RLY-5,,,910GBRENTX-1002310-RPL2-3|910GBRENTX-1002310-RPL1-2,False,
910GBRENTX,910GBRENTX-Lift-4,4,,,Lift 4 ,910GBRENTX-1002310-EntE-6,,,910GBRENTX-1002310-EML-11,False,
910GBRENTX,910GBRENTX-Lift-5,4,,,Lift 5,910GBRENTX-1002310-EML-11,,,910GBRENTX-1002310-FB-8,False,
910GBROCKLY,910GBROCKLY-Lift-1,1,,,Lift 1,910GBROCKLY-1001035-Brdge-7,,,910GBROCKLY-1001035-RPL-N-6,False,
910GBROMLYS,910GBROMLYS-Lift-1,1,,,Lift 1,910GBROMLYS-1001037-Con-71,,,910GBROMLYS-1001037-RPL E-2,False,
910GBROMLYS,910GBROMLYS-Lift-2,2,,,Lift 2,910GBROMLYS-1001037-Con-71,,,910GBROMLYS-1001037-RPL W-3,False,
910GBRTWOOD,910GBRTWOOD-Lift-1,1,,,Lift 1,910GBRTWOOD-1000292-FBdg-7,,,910GBRTWOOD-1000292-RPL-1-1,False,
910GBRTWOOD,910GBRTWOOD-Lift-2,2,,,Lift 2 ,910GBRTWOOD-1000292-FBdg-7,,,910GBRTWOOD-1000292-RPL-2-2,False,
910GBNHAM,910GBNHAM-Lift-1,1,,,Lift 1 ,910GBNHAM-1000860-UP-4,,,910GBNHAM-1000860-RPL E-1|910GBNHAM-1000860-RPL W-2,False,
910GCATFORD,910GCATFORD-Lift-1,1,,,Lift 1,910GCATFORD-1001053-Entr-4,,,910GCATFORD-1001053-RPL N-1,False,
910GCATFORD,910GCATFORD-Lift-2,2,,,Lift 2,910GCATFORD-1001053-Entr-4,,,910GCATFORD-1001053-RPL S-2,False,
910GCHDWLHT,910GCHDWLHT-Lift-1,1,,,Lift 1,910GCHDWLHT-1001055-FBdg-6,,,910GCHDWLHT-1001055-RPL1-2,False,
910GCHDWLHT,910GCHDWLHT-Lift-2,2,,,Lift 2,910GCHDWLHT-1001055-FBdg-6,,,910GCHDWLHT-1001055-RPL2-5,False,
910GCHDWLHT,910GCHDWLHT-Lift-3,3,,,Lift 3,910GCHDWLHT-1001055-FBdg-6,,,910GCHDWLHT-1001055-RPL3-7,False,
910GCLDNNRB,910GCLDNNRB-Lift-2,2,,,Lift 2,910GCLDNNRB-1001043-RLY-4,,,910GCLDNNRB-1001043-RPL-2,False,
910GCMDNRD,910GCMDNRD-Lift-1,1,,,Lift 1,910GCMDNRD-1001045-Subwy-70,,,910GCMDNRD-1001045-RPL W-3,False,
910GCMDNRD,910GCMDNRD-Lift-2,2,,,Lift 2,910GCMDNRD-1001045-Subwy-70,,,910GCMDNRD-1001045-RPL E-2,False,
910GCNNB,910GCNNB-Lift-1,1,,,Lift 1,910GCNNB-1001048-Entr-2,,,910GCNNB-1001048-RPL 1-1,False,
910GCNNB,910GCNNB-Lift-2,2,,,Lift 2,910GCNNB-1001048-Entr-2,,,910GCNNB-1001048-RPL 2-3|910GCNNB-1001048-RPL 3-4,False,
910GCNNB,910GCNNB-Lift-3,3,,,Lift 3,910GCNNB-1001048-Entr-2,,,910GCNNB-1001048-RPL 4-5,False,
910GCOLSDNS,910GCOLSDNS-Lift-1,1,,,Lift 1,910GCOLSDNS-1001072-BRIDG-5,,,910GCOLSDNS-1001072-RPLN-2,False,
910GCOLSDNS,910GCOLSDNS-Lift-2,2,,,Lift 2,910GCOLSDNS-1001072-BRIDG-5,,,910GCOLSDNS-1001072-RPLS-4,False,
910GCRLN,910GCRLN-Lift-1,1,,,Lift 1 ,910GCRLN-1001058-FBdg-7,,,910GCRLN-1001058-RPL-W-3,False,
910GCRSHLTN,910GCRSHLTN-Lift-1,1,,,Lift 1,910GCRSHLTN-1001051-FOT-7,,,910GCRSHLTN-1001051-RPLE-5,False,
910GCRSHLTN,910GCRSHLTN-Lift-2,2,,,Lift 2,910GCRSHLTN-1001051-FOT-7,,,910GCRSHLTN-1001051-RPLW-2|,False,
910GCTMSLNK,910GCTMSLNK-Lift-1,1,,,Lift 1 ,910GCTMSLNK-1001067-UGLH-6,,,910GCTMSLNK-1001067-RPL-N-2,False,
910GCTMSLNK,910GCTMSLNK-Lift-2,2,,,Lift 2,910GCTMSLNK-1001067-UGLH-6,,,910GCTMSLNK-1001067-RPL-S-7,False,
910GDALS,910GDALS-Lift-1,1,,,Lift 1,910GDALS-1001568-RLY-6,,,910GDALS-1001568-RPL-2,False,
910GDARTFD,910GDARTFD-Lift-1,1,,,Lift 1,910GDARTFD-1001082-Entr-4,,,910GDARTFD-1001082-FBdg-5,False,
910GDARTFD,910GDARTFD-Lift-2,2,,,Lift 2,910GDARTFD-1001082-RPL1-1,,,910GDARTFD-1001082-FBdg-5,False,
910GDARTFD,910GDARTFD-Lift-3,3,,,Lift 3,910GDARTFD-1001082-RPL2-2,,,910GDARTFD-1001082-FBdg-5,False,
910GDENMRKH,910GDENMRKH-Lift-1,1,u072209000001,,Lift 1,910GDENMRKH-1001083-RLY-6,,,910GDENMRKH-1001083-RPL1-2,False,
910GDENMRKH,910GDENMRKH-Lift-2,2,u072209000002,,Lift 2,910GDENMRKH-1001083-RLY-6,,,910GDENMRKH-1001083-RPL23-4,False,
910GDENMRKH,910GDENMRKH-Lift-3,3,u072209000003,,Lift 3,910GDENMRKH-1001083-RLY-6,,,910GDENMRKH-1001083-RPL4-5,False,
910GDEPTFD,910GDEPTFD-Lift-1,1,,,Lift 1 ,910GDEPTFD-1001084-RPL-W-1,,,910GDEPTFD-1001084-Entr-4|910GDEPTFD-1001084-UP-5,False,
910GDEPTFD,910GDEPTFD-Lift-2,2,,,Lift 2 ,910GDEPTFD-1001084-RPL-E-2,,,910GDEPTFD-1001084-UP-5,False,
910GEDMNGRN,910GEDMNGRN-Lift-1,1,,,Lift 1,910GEDMNGRN-1001092-RLY-5,,,910GEDMNGRN-1001092-RPL-S-4,False,
910GEDMNGRN,910GEDMNGRN-Lift-2,2,,,Lift 2,910GEDMNGRN-1001092-RLY-5,,,910GEDMNGRN-1001092-RPL-N-2,False,
910GELTR,910GELTR-Lift-1,1,,,Lift 1,910GELTR-1001096-FBdg-8,,,910GELTR-1001096-RPL-S-2,False,
910GELTR,910GELTR-Lift-2,2,,,Lift 2,910GELTR-1001096-FBdg-8,,,910GELTR-1001096-RPL-N-3,False,
910GELTR,910GELTR-Lift-3,3,,,Lift 3,910GELTR-1001096-FBdg-8,,,910GELTR-1001096-RPL3-4,False,
910GESTFLDS,910GESTFLDS-Lift-1,1,,,Lift 1,910GESTFLDS-1001555-Fbdg-11,,,910GESTFLDS-1001555-EntG-10,False,
910GESTFLDS,910GESTFLDS-Lift-2,2,,,Lift 2,910GESTFLDS-1001555-Fbdg-11,,,910GESTFLDS-1001555-EntL-8,False,
910GFORESTH,910GFORESTH-Lift-1,1,,,Lift 1,910GFORESTH-1001112-BRBG-8,,,910GFORESTH-1001112-RPL-N-2,False,
910GFORESTH,910GFORESTH-Lift-2,2,,,Lift 2,910GFORESTH-1001112-BRBG-8,,,910GFORESTH-1001112-RPL-S-6,False,
910GFRSTGT,910GFRSTGT-Lift-1,1,,,Lift 1,910GFRSTGT-1001111-Crdr-7,,,910GFRSTGT-1001111-RPL1-2,False,
910GFRSTGT,910GFRSTGT-Lift-2,2,,,Lift 2,910GFRSTGT-1001111-Crdr-7,,,910GFRSTGT-1001111-RPL2-3,False,
910GFRSTGT,910GFRSTGT-Lift-3,3,,,Lift 3,910GFRSTGT-1001111-Crdr-7,,,910GFRSTGT-1001111-RPL3-4,False,
910GGIDEAPK,910GGIDEAPK-Lift-1,1,,,Lift 1,910GGIDEAPK-1001115-FBdg-7,,,910GGIDEAPK-1001115-RPL-1-2,False,
910GGIDEAPK,910GGIDEAPK-Lift-2,2,,,Lift 2,910GGIDEAPK-1001115-FBdg-7,,,910GGIDEAPK-1001115-RPL-3-4,False,
910GGODMAYS,910GGODMAYS-Lift-1,1,,,Lift 1,910GGODMAYS-1001117-FBdg-7,,,910GGODMAYS-1001117-RPL2-4,False,
910GGODMAYS,910GGODMAYS-Lift-2,2,,,Lift 2,910GGODMAYS-1001117-FBdg-7,,,910GGODMAYS-1001117-RPL4-5,False,
910GGOSPLOK,910GGOSPLOK-Lift-1,1,,,Lift 1 ,910GGOSPLOK-1001119-Subwy-70,,,910GGOSPLOK-1001119-RPL-H-6,False,
910GGOSPLOK,910GGOSPLOK-Lift-2,2,,,Lift 2,910GGOSPLOK-1001119-Subwy-70,,,910GGOSPLOK-1001119-RPL-S-2,False,
910GHACKNYC,910GHACKNYC-Lift-1,1,,,Lift 1,910GHACKNYC-1001127-RLY-6,,,910GHACKNYC-1001127-RPL W-4,False,
910GHACKNYC,910GHACKNYC-Lift-2,2,,,Lift 2,910GHACKNYC-1001127-RLY-6,,,910GHACKNYC-1001127-RPL E-2,False,
910GHAKNYNM,910GHAKNYNM-Lift-1,1,,,Lift 1 ,910GHAKNYNM-1001128-IENT-8,,,910GHAKNYNM-1001128-RPL-1-2,False,
910GHACKNYW,910GHACKNYW-Lift-1,1,,,Lift 1,910GHACKNYW-1001129-EntrW-3,,,910GHACKNYW-1001129-RPL W-2,False,
910GHACKNYW,910GHACKNYW-Lift-2,2,,,Lift 2,910GHACKNYW-1001129-EntrE-6,,,910GHACKNYW-1001129-RPL E-4,False,
910GHAGGERS,910GHAGGERS-Lift-1,1,,,Lift 1,910GHAGGERS-1001569-RLY-4,,,910GHAGGERS-1001569-RPL-N-2,False,
910GHAGGERS,910GHAGGERS-Lift-2,2,,,Lift 2,910GHAGGERS-1001569-RLY-4,,,910GHAGGERS-1001569-RPL-S-3,False,
910GHANWELL,910GHANWELL-Lift 1 ,1,,,Lift 1,910GHANWELL-1001135-NEnt-3,,,910GHANWELL-1001135-RPL-2,False,
910GHANWELL,910GHANWELL-Lift 2,2,,,Lift 2 ,910GHANWELL-1001135-BHS-5,,,910GHANWELL-1001135-RPL1-6,False,
910GHAYESAH,910GHAYESAH-Lift-1,1,,,Lift 1 ,910GHAYESAH-1001144-FB-6,,,910GHAYESAH-1001144-RPL1-2,False,
910GHAYESAH,910GHAYESAH-Lift-2,2,,,Lift 2,910GHAYESAH-1001144-FB-6,,,910GHAYESAH-1001144-RPL23-4,False,
910GHAYESAH,910GHAYESAH-Lift-3,3,,,Lift 3,910GHAYESAH-1001144-FB-6,,,910GHAYESAH-1001144-Entr-3,False,
910GHAYESAH,910GHAYESAH-Lift-4,4,,,Lift 4,910GHAYESAH-1001144-FB-6,,,910GHAYESAH-1001144-RPL45-5,False,
910GHERNEH,910GHERNEH-Lift-1,1,,,Lift 1,910GHERNEH-1001149-RLY-5,,,910GHERNEH-1001149-RPL-2,False,
910GHERNEH,910GHERNEH-Lift-2,2,,,Lift 2,910GHERNEH-1001149-RLY-5,,,910GHERNEH-1001149-RPL-6,False,
910GHMPSTDH,910GHMPSTDH-Lift-1,1,,,Lift 1,910GHMPSTDH-1001131-Entr-2,,,910GHMPSTDH-1001131-RPL W-1,False,
910GHMPSTDH,910GHMPSTDH-Lift-2,2,,,Lift 2,910GHMPSTDH-1001131-Entr-2,,,910GHMPSTDH-1001131-RPL E-3,False,
910GHONROPK,910GHONROPK-Lift-1,1,,,Lift 1,910GHONROPK-1001154-RLY-5,,,910GHONROPK-1001154-RPL-N-4,False,
910GHONROPK,910GHONROPK-Lift-2,2,,,Lift 2,910GHONROPK-1001154-RLY-5,,,910GHONROPK-1001154-RPL-S-2,False,
910GHOXTON,910GHOXTON-Lift-1,1,,,Lift 1,910GHOXTON-1001570-RLY-6,,,910GHOXTON-1001570-RPL-N-2,False,
910GHOXTON,910GHOXTON-Lift-2,2,,,Lift 2,910GHOXTON-1001570-RLY-6,,,910GHOXTON-1001570-RPL-S-5,False,
910GHRLDWOD,910GHRLDWOD-Lift-1,1,,,Lift 1,910GHRLDWOD-1001137-FBdg-8,,,910GHRLDWOD-1001137-RPL-1-2,False,
910GHRLDWOD,910GHRLDWOD-Lift-2,2,,,Lift 2,910GHRLDWOD-1001137-FBdg-8,,,910GHRLDWOD-1001137-RPL-2-4,False,
910GHRLDWOD,910GHRLDWOD-Lift-3,3,,,Lift 3,910GHRLDWOD-1001137-FBdg-8,,,910GHRLDWOD-1001137-RPL-4-5,False,
910GIVER,910GIVER-Lift-1,1,,,Lift 1 ,910GIVER-1000955-FBdg-5,910GIVER-1000955-EntB-90,,910GIVER-1000955-RPL1-1,False,
910GIVER,910GIVER-Lift-3,3,,,Lift 2,910GIVER-1000955-FBdg-5,,,910GIVER-1000955-RPL2-2,False,
910GIVER,910GIVER-Lift-4,4,,,Lift 3,910GIVER-1000955-FBdg-5,,,910GIVER-1000955-RPL3-3,False,
910GKENR,910GKENR-Lift-1,1,,,Lift 1,910GKENR-1001161-Bridg-6,,,910GKENR-1001161-RPL E-2,False,
910GILFORD,910GILFORD-Lift-1,1,,,Lift 1,910GILFORD-1001157-FBdg-8,,,910GILFORD-1001157-RPL1-2,False,
910GILFORD,910GILFORD-Lift-2,2,,,Lift 2,910GILFORD-1001157-FBdg-8,,,910GILFORD-1001157-RPL2-4,False,
910GILFORD,910GILFORD-Lift-3,3,,,Lift 3,910GILFORD-1001157-FBdg-8,,,910GILFORD-1001157-RPL3-5,False,
910GLANGLEY,910GLANGLEY-Lift-1,1,,,Lift 1,910GLANGLEY-1000957-FB L-7,,,910GLANGLEY-1000957-RPL3-5,False,
910GLANGLEY,910GLANGLEY-Lift-2,2,,,Lift 2,910GLANGLEY-1000957-FB L-7,,,910GLANGLEY-1000957-RPL1-1,False,
910GLANGLEY,910GLANGLEY-Lift-3,3,,,Lift 3,910GLANGLEY-1000957-FB L-7,,,910GLANGLEY-1000957-RPL2-2,False,
910GMANRPK,910GMANRPK-Lift-1,1,,,Lift 1,910GMANRPK-1001189-FBdg-7,,,910GMANRPK-1001189-RPL1-2,False,
910GMANRPK,910GMANRPK-Lift-2,2,,,Lift 2,910GMANRPK-1001189-FBdg-7,,,910GMANRPK-1001189-RPL2-3,False,
910GMANRPK,910GMANRPK-Lift-3,3,,,Lift 3,910GMANRPK-1001189-FBdg-7,,,910GMANRPK-1001189-RPL3-4,False,
910GMDNHEAD,910GMDNHEAD-Lift-2,2,,,Lift 2 ,910GMDNHEAD-1000964-SP-5,,,910GMDNHEAD-1000964-RPL2-2,False,
910GMDNHEAD,910GMDNHEAD-Lift-3,3,,,Lift 3,910GMDNHEAD-1000964-SP-5,,,910GMDNHEAD-1000964-RPL3-3,False,
910GMRYLAND,910GMRYLAND-Lift-1,1,,,Lift 1,910GMRYLAND-1001190-FBdg-7,,,910GMRYLAND-1001190-RPL2-4,False,
910GMRYLAND,910GMRYLAND-Lift-2,2,,,Lift 2,910GMRYLAND-1001190-FBdg-7,,,910GMRYLAND-1001190-RPL1-2,False,
910GMRYLAND,910GMRYLAND-Lift-3,3,,,Lift 3,910GMRYLAND-1001190-FBdg-7,,,910GMRYLAND-1001190-RPL3-6,False,
910GORPNGTN,910GORPNGTN-Lift 1,1,,,Lift 1,910GORPNGTN-1001220-RPL1-2,,,910GORPNGTN-1001220-FBdg-9,False,
910GORPNGTN,910GORPNGTN-Lift 2,2,,,Lift 2 ,910GORPNGTN-1001220-RPL2-6,,,910GORPNGTN-1001220-FBdg-9,False,
910GORPNGTN,910GORPNGTN-Lift 3,3,,,Lift 3 ,910GORPNGTN-1001220-RPL3-7,,,910GORPNGTN-1001220-FBdg-9,False,
910GPCKHMQD,910GPCKHMQD-Lift-1,1,,,Lift 1,910GPCKHMQD-1001233-Entr-3,,,910GPCKHMQD-1001233-RPL-2,False,
910GPURLEY,910GPURLEY-Lift-1,1,,,Lift 1,910GPURLEY-1001229-RLY-7,,,910GPURLEY-1001229-RPL-2,False,
910GPURLEY,910GPURLEY-Lift-2,2,,,Lift 2,910GPURLEY-1001229-RLY-7,,,910GPURLEY-1001229-RPL-4,False,
910GPURLEY,910GPURLEY-Lift-3,3,,,Lift 3,910GPURLEY-1001229-RLY-7,,,910GPURLEY-1001229-RPL-5,False,
910GPURLEY,910GPURLEY-Lift-4,4,,,Lift 4,910GPURLEY-1001229-RLY-7,,,910GPURLEY-1001229-RPL-8,False,
910GRDNGSTN,910GRDNGSTN-Lift-1,1,,,Lift 1,910GRDNGSTN-1000972-FBdg-8,,,910GRDNGSTN-1000972-EntC-93,False,
910GRDNGSTN,910GRDNGSTN-Lift-2,2,,,Lift 2 ,910GRDNGSTN-1000972-FBdg-8,,,910GRDNGSTN-1000972-RPL1-1,False,
910GRDNGSTN,910GRDNGSTN-Lift-3,3,,,Lift 3,910GRDNGSTN-1000972-FBdg-8,,,910GRDNGSTN-1000972-RPL46-2,False,
910GRDNGSTN,910GRDNGSTN-Lift-4,4,,,Lift 4,910GRDNGSTN-1000972-FBdg-8,,,910GRDNGSTN-1000972-RPL8-3,False,
910GRDNGSTN,910GRDNGSTN-Lift-5,5,,,Lift 5,910GRDNGSTN-1000972-FBdg-8,,,910GRDNGSTN-1000972-RPL12-4,False,
910GSHENFLD,910GSHENFLD-Lift-1,1,,,Lift 1,910GSHENFLD-1006448-UP-5,,,910GSHENFLD-1006448-RPL-5-4,False,
910GSHRDHST,910GSHRDHST-Lift-1,1,,,Lift 1,910GSHRDHST-1001571-RLY-9,,,910GSHRDHST-1001571-RPL-N-2,False,
910GSHRDHST,910GSHRDHST-Lift-2,2,,,Lift 2,910GSHRDHST-1001571-RLY-9,,,910GSHRDHST-1001571-RPL-S-8,False,
910GSLOUGH,910GSLOUGH-Lift-2,2,,,Lift 1,910GSLOUGH-1000951-FBdg-5,,,910GSLOUGH-1000951-RPL1-1,False,
910GSLOUGH,910GSLOUGH-Lift-3,3,,,Lift 2,910GSLOUGH-1000951-FBdg-5,,,910GSLOUGH-1000951-RPL2-2,False,
910GSLOUGH,910GSLOUGH-Lift-4,4,,,Lift 3,910GSLOUGH-1000951-FBdg-5,,,910GSLOUGH-1000951-RPL3-3,False,
910GSTHALL,910GSTHALL-Lift-1,1,,,Lift 1 ,910GSTHALL-1001255-FB-6,,,910GSTHALL-1001255-RPL1-2,False,
910GSTHALL,910GSTHALL-Lift-2,2,,,Lift 2,910GSTHALL-1001255-FB-6,,,910GSTHALL-1001255-RPL23-4,False,
910GSTHALL,910GSTHALL-Lift-3,3,,,Lift 3,910GSTHALL-1001255-FB-6,,,910GSTHALL-1001255-RPL4-5,False,
910GSTMRYC,910GSTMRYC-Lift-1,1,,,Lift 1,910GSTMRYC-1001271-FBdg-4,,,910GSTMRYC-1001271-RPL34-2,False,
910GSTMRYC,910GSTMRYC-Lift-2,2,,,Lift 2,910GSTMRYC-1001271-FBdg-4,,,910GSTMRYC-1001271-RPL12-3,False,
910GSTOTNHM,910GSTOTNHM-Lift-1,1,,,Lift 1,910GSTOTNHM-1001264-SUB-5,,,910GSTOTNHM-1001264-RPL-W-4,False,
910GSTOTNHM,910GSTOTNHM-Lift-2,2,,,Lift 2,910GSTOTNHM-1001264-SUB-5,,,910GSTOTNHM-1001264-RPL-E-2,False,
HUBKGX,HUBKGX-Lift-A,A,u510950000008,,Lift A,HUBKGX-1001276-Conc-13,HUBKGX-1001276-Mezz-12,,HUBKGX-1001276-RPLLS-6,False,
HUBKGX,HUBKGX-Lift-B,B,u510950000009,,Lift B,HUBKGX-1001276-Mezz-12,,,HUBKGX-1001276-RPLLN-11,False,
HUBKGX,HUBKGX-Lift-C,C,,,Lift C,HUBKGX-1001276-Conc-13,,,HUBKGX-1001276-RPL-2,False,
HUBKGX,HUBKGX-Lift-D,D,,,Lift D,HUBKGX-1001276-Conc-13,,,HUBKGX-1001276-RPL-D-8,False,
910GSVNKNGS,910GSVNKNGS-Lift-1,1,,,Lift 1,910GSVNKNGS-1001246-FBdg-7,,,910GSVNKNGS-1001246-RPL2-4,False,
910GSVNKNGS,910GSVNKNGS-Lift-2,2,,,Lift 2,910GSVNKNGS-1001246-FBdg-7,,,910GSVNKNGS-1001246-RPL1-2,False,
910GSVNKNGS,910GSVNKNGS-Lift-3,3,,,Lift 3,910GSVNKNGS-1001246-FBdg-7,,,910GSVNKNGS-1001246-RPL3-5,False,
910GSWLY,910GSWLY-Lift-1,1,,,Lift 1,910GSWLY-1001801-FBdg-6,,,910GSWLY-1001801-RPL1-1,False,
910GSWLY,910GSWLY-Lift-2,2,,,Lift 2,910GSWLY-1001801-FBdg-6,,,910GSWLY-1001801-RPL2-2,False,
910GTAPLOW,910GTAPLOW-Lift-1,1,,,Lift 1,910GTAPLOW-1000960-FBdg-6,,,910GTAPLOW-1000960-RPL1-1,False,
910GTAPLOW,910GTAPLOW-Lift-2,2,,,Lift 2,910GTAPLOW-1000960-FBdg-6,,,910GTAPLOW-1000960-RPL2-4,False,
910GTAPLOW,910GTAPLOW-Lift-3,3,,,Lift 3,910GTAPLOW-1000960-FBdg-6,,,910GTAPLOW-1000960-RPL3-5,False,
910GTWYFORD,910GTWYFORD-Lift-2,2,,,Lift 1,910GTWYFORD-1000969-Bdg-5,,,910GTWYFORD-1000969-RPL2-2,False,
910GTWYFORD,910GTWYFORD-Lift-3,3,,,Lift 2,910GTWYFORD-1000969-Bdg-5,,,910GTWYFORD-1000969-RPL3-3,False,
910GTWYFORD,910GTWYFORD-Lift-4,4,,,Lift 3,910GTWYFORD-1000969-Bdg-5,,,910GTWYFORD-1000969-EntHB-90,False,
910GWDRYTON,910GWDRYTON-Lift-D,D,,,Lift D,910GWDRYTON-1001325-TH-7,,,910GWDRYTON-1001325-FB-5,False,
910GWDRYTON,910GWDRYTON-Lift-B,B,,,Lift B,910GWDRYTON-1001325-FB-5,,,910GWDRYTON-1001325-RPL2-8,False,
910GWDRYTON,910GWDRYTON-Lift-C,C,,,Lift C,910GWDRYTON-1001325-FB-5,,,910GWDRYTON-1001325-RPL3-9,False,
910GWDRYTON,910GWDRYTON-Lift-A,A,,,Lift A,910GWDRYTON-1001325-SUB-6,,,910GWDRYTON-1001325-RPL1-2,False,
910GWDRYTON,910GWDRYTON-Lift-E,E,,,Lift E,910GWDRYTON-1001325-SUB-6,,,910GWDRYTON-1001325-TH-7,False,
910GWEALING,910GWEALING-Lift-1,1,,,Lift 1,910GWEALING-1001327-DRAYT-3,,,910GWEALING-1001327-RPL1-2,False,
910GWEALING,910GWEALING-Lift-2,2,,,Lift 2,910GWEALING-1001327-DRAYT-3,,,910GWEALING-1001327-RPL2-4,False,
910GWHHRTLA,910GWHHRTLA-Lift-1,1,,,Lift 1,910GWHHRTLA-1001335-RLY-6,,,910GWHHRTLA-1001335-RPL-S-5,False,
910GWHHRTLA,910GWHHRTLA-Lift-2,2,,,Lift 2,910GWHHRTLA-1001335-RLY-6,,,910GWHHRTLA-1001335-RPL-N-2,False,
910GWHMDSTD,910GWHMDSTD-Lift-1,1,,,Lift 1,910GWHMDSTD-1000321-ENTBR-6,,,910GWHMDSTD-1000321-RPL-W-2,False,
910GWHMDSTD,910GWHMDSTD-Lift-2,2,,,Lift 2,910GWHMDSTD-1000321-ENTBR-6,,,910GWHMDSTD-1000321-RPL-E-5,False,
910GWHMPSTM,910GWHMPSTM-Lift-1,1,,,Lift 1 ,910GWHMPSTM-1001330-FB I-9,,,910GWHMPSTM-1001330-RPL1-1,False,
910GWHMPSTM,910GWHMPSTM-Lift-2,2,,,Lift 2 ,910GWHMPSTM-1001330-FB I-9,,,910GWHMPSTM-1001330-RPL2-4,False,
910GWHMPSTM,910GWHMPSTM-Lift-3,3,,,Lift 3,910GWHMPSTM-1001330-FB I-9,,,910GWHMPSTM-1001330-RPL3-5,False,
940GZZDLABR,940GZZDLABR-Lift-1,1,,,Lift 1,940GZZDLABR-1003006-BOOKH-2,,,940GZZDLABR-1003006-DLRN-3,False,
940GZZDLABR,940GZZDLABR-Lift-2,2,,,Lift 2,940GZZDLABR-1003006-BOOKH-2,,,940GZZDLABR-1003006-DLRS-5,False,
940GZZDLALL,940GZZDLALL-Lift-1,1,,,Lift 1,940GZZDLALL-1002003-CONC-5,,,940GZZDLALL-1002003-DLR-N-2,False,
940GZZDLALL,940GZZDLALL-Lift-2,2,,,Lift 2,940GZZDLALL-1002003-CONC-5,,,940GZZDLALL-1002003-DLR-S-4,False,
940GZZDLBLA,940GZZDLBLA-Lift-1,1,,,Lift 1,940GZZDLBLA-1002018-DITCH-1,,,940GZZDLBLA-1002018-DLR-E-2,False,
940GZZDLBLA,940GZZDLBLA-Lift-2,2,,,Lift 2,940GZZDLBLA-1002018-DITCH-1,,,940GZZDLBLA-1002018-DLR-W-4,False,
940GZZDLBOW,940GZZDLBOW-Lift-1,1,,,Lift 1,940GZZDLBOW-1002019-BOWRD-3,,,940GZZDLBOW-1002019-DLR-N-2,False,
940GZZDLBOW,940GZZDLBOW-Lift-2,2,,,Lift 2,940GZZDLBOW-1002019-BOWRD-3,,,940GZZDLBOW-1002019-DLR-S-4,False,
940GZZDLCLA,940GZZDLCLA-Lift-1,1,,,Lift 1,940GZZDLCLA-1002025-CROSA-1,,,940GZZDLCLA-1002025-DLR_S-4,TRUE,
940GZZDLCLA,940GZZDLCLA-Lift-2,2,,,Lift 2,940GZZDLCLA-1002025-CROSA-1,,,940GZZDLCLA-1002025-DLR-N-2,TRUE,
HUBCUS,HUBCUS-Lift-1,1,,,Lift 1,HUBCUS-1001079-WalkW-12,,,HUBCUS-1001079-DLR-2,False,
HUBCUS,HUBCUS-Lift-2,2,,,Lift 2,HUBCUS-1001079-VIC-4,,,HUBCUS-1001079-WalkC-6,False,
HUBCUS,HUBCUS-Lift-3,3,,,Lift 3 ,HUBCUS-1001079-DLR-2,,,HUBCUS-1001079-WalkW-12,False,
HUBCUS,HUBCUS-Lift-4,4,,,Lift 4,HUBCUS-1001079-DLR-2,,,HUBCUS-1001079-WalkE-13,False,
HUBCUS,HUBCUS-Lift-5,5,,,Lift 5,HUBCUS-1001079-EXCEL-7,,,HUBCUS-1001079-WalkC-6,False,
HUBCUS,HUBCUS-Lift-6,6,,,Lift 6,HUBCUS-1001079-EXCEL-7,,,HUBCUS-1001079-WalkW-12,False,
HUBCUS,HUBCUS-Lift-7,7,,,Lift 7,HUBCUS-1001079-EXCEL-7,,,HUBCUS-1001079-WalkE-13,False,
HUBCUS,HUBCUS-Lift-8,8,,,Lift 8,HUBCUS-1001079-CBH-9,,,HUBCUS-1001079-EL EB-5|HUBCUS-1001079-EL WB-10,False,
940GZZDLDEP,940GZZDLDEP-Lift-1,1,,,Lift 1,940GZZDLDEP-1002029-C-8,,,940GZZDLDEP-1002029-DLR-S-2,False,
940GZZDLDEP,940GZZDLDEP-Lift-2,2,,,Lift 2,940GZZDLDEP-1002029-C-8,,,940GZZDLDEP-1002029-DLR-N-7,False,
940GZZDLDEV,940GZZDLDEV-Lift-1,1,,,Lift 1,940GZZDLDEV-1002030-CONC-5,,,940GZZDLDEV-1002030-DLR-N-2,TRUE,
940GZZDLDEV,940GZZDLDEV-Lift-2,2,,,Lift 2,940GZZDLDEV-1002030-CONC-5,,,940GZZDLDEV-1002030-DLR-S-4,TRUE,
940GZZDLEIN,940GZZDLEIN-Lift-1,1,,,Lift 1,940GZZDLEIN-1002033-BLACK-5,940GZZDLEIN-1002033-BookH-4,,940GZZDLEIN-1002033-DLR-E-3,False,
940GZZDLEIN,940GZZDLEIN-Lift-2,2,,,Lift 2,940GZZDLEIN-1002033-BLACK-5,940GZZDLEIN-1002033-BookH-4,,940GZZDLEIN-1002033-DLR-W-6,False,
940GZZDLEIN,940GZZDLEIN-Lift-3,3,,,Lift 3,940GZZDLEIN-1002033-ASPEN-1,,,940GZZDLEIN-1002033-BookH-4,False,
940GZZDLGAL,940GZZDLGAL-Lift-1,1,,,Lift 1,940GZZDLGAL-1002039-CONC-5,,,940GZZDLGAL-1002039-DLR-E-2,False,
940GZZDLGAL,940GZZDLGAL-Lift-2,2,,,Lift 2,940GZZDLGAL-1002039-CONC-5,,,940GZZDLGAL-1002039-DLR-W-4,False,
940GZZDLHEQ,940GZZDLHEQ-Lift-1,1,,,Lift 1,940GZZDLHEQ-1002046-CONC-5,,,940GZZDLHEQ-1002046-DLR-S-2,False,
940GZZDLHEQ,940GZZDLHEQ-Lift-2,2,,,Lift 2,940GZZDLHEQ-1002046-CONC-5,,,940GZZDLHEQ-1002046-DLR-N-4,False,
940GZZDLISL,940GZZDLISL-Lift-1,1,,,Lift 1,940GZZDLISL-1002048-MANCH-2,,,940GZZDLISL-1002048-DLR-3,False,
940GZZDLKGV,940GZZDLKGV-Lift-1,1,,,Lift 1,940GZZDLKGV-1002009-BridE-4,,,940GZZDLKGV-1002009-DLR-1,False,
940GZZDLKGV,940GZZDLKGV-Lift-2,2,,,Lift 2,940GZZDLKGV-1002009-PIER-3,,,940GZZDLKGV-1002009-BridE-4,False,
940GZZDLLDP,940GZZDLLDP-Lift-1,1,,,Lift 1,940GZZDLLDP-1002034-BRDGE-7,,,940GZZDLLDP-1002034-DLR-N-6,False,
940GZZDLLDP,940GZZDLLDP-Lift-2,2,,,Lift 2,940GZZDLLDP-1002034-BRDGE-7,,,940GZZDLLDP-1002034-DLR-S-1,False,
940GZZDLPDK,940GZZDLPDK-Lift-1,1,,,Lift 1,940GZZDLPDK-1002099-NWR-2,,,940GZZDLPDK-1002099-DLR-W-3,False,
940GZZDLPDK,940GZZDLPDK-Lift-2,2,,,Lift 2,940GZZDLPDK-1002099-NWR-2,,,940GZZDLPDK-1002099-DLR-E-1,False,
940GZZDLPOP,940GZZDLPOP-Lift-1,1,,,Lift 1,940GZZDLPOP-1002064-CONC-6,940GZZDLPOP-1002064-DLRE-2,,940GZZDLPOP-1002064-BRIDG-5,TRUE,
940GZZDLPOP,940GZZDLPOP-Lift-2,2,,,Lift 2,940GZZDLPOP-1002064-CONC-6,940GZZDLPOP-1002064-DLRW-4,,940GZZDLPOP-1002064-BRIDG-5,TRUE,
940GZZDLPRE,940GZZDLPRE-Lift-1,1,,,Lift 1,940GZZDLPRE-1002065-Bridg-3,,,940GZZDLPRE-1002065-DLR-2,False,
940GZZDLPRE,940GZZDLPRE-Lift-2,2,,,Lift 2,940GZZDLPRE-1002065-Bridg-3,,,940GZZDLPRE-1002065-CONNA-1,False,
940GZZDLPUD,940GZZDLPUD-Lift-1,1,,,Lift 1,940GZZDLPUD-1002066-BOOK-4,,,940GZZDLPUD-1002066-DLR-E-2,False,
940GZZDLPUD,940GZZDLPUD-Lift-2,2,,,Lift 2,940GZZDLPUD-1002066-BOOK-4,,,940GZZDLPUD-1002066-DLR-W-3,False,
940GZZDLRAL,940GZZDLRAL-Lift-1,1,,,Lift 1,940GZZDLRAL-1002070-CONC-5,,,940GZZDLRAL-1002070-DLR-E-2,False,
940GZZDLRAL,940GZZDLRAL-Lift-2,2,,,Lift 2,940GZZDLRAL-1002070-CONC-5,,,940GZZDLRAL-1002070-DLR-W-4,False,
940GZZDLRVC,940GZZDLRVC-Lift-1,1,,,Lift 1,940GZZDLRVC-1002071-BookH-3,,,940GZZDLRVC-1002071-DLR-E-2,False,
940GZZDLRVC,940GZZDLRVC-Lift-2,2,,,Lift 2,940GZZDLRVC-1002071-BookH-3,,,940GZZDLRVC-1002071-SEA-4,False,
940GZZDLRVC,940GZZDLRVC-Lift-3,3,,,Lift 3,940GZZDLRVC-1002071-BookH-3,,,940GZZDLRVC-1002071-VICTO-1,False,
940GZZDLSHS,940GZZDLSHS-Lift-1,1,,,Lift 1,940GZZDLSHS-1003007-BOOKH-2,,,940GZZDLSHS-1003007-DLRS-6,False,
940GZZDLSHS,940GZZDLSHS-Lift-2,2,,,Lift 2,940GZZDLSHS-1003007-BOOKH-2,,,940GZZDLSHS-1003007-DLRN-3,False,
940GZZDLSIT,940GZZDLSIT-Lift-1,1,,,Lift 1,940GZZDLSIT-1003009-BH-E-3|940GZZDLSIT-1003009-BH-W-4,,,940GZZDLSIT-1003009-DLR-5,False,
940GZZDLSIT,940GZZDLSIT-Lift-2,2,,,Lift 2,940GZZDLSIT-1003009-BH-E-3|940GZZDLSIT-1003009-BH-W-4,,,940GZZDLSIT-1003009-DLR-5,False,
940GZZDLSIT,940GZZDLSIT-Lift-3,3,,,Lift 3,940GZZDLSIT-1003009-BH-E-3|940GZZDLSIT-1003009-BH-W-4,,,940GZZDLSIT-1003009-DLR-5,False,
940GZZDLSOQ,940GZZDLSOQ-Lift-1,1,,,Lift 1,940GZZDLSOQ-1002074-LSC-5,,,940GZZDLSOQ-1002074-DLR-S-2,TRUE,
940GZZDLSOQ,940GZZDLSOQ-Lift-2,2,,,Lift 2,940GZZDLSOQ-1002074-LSC-5,,,940GZZDLSOQ-1002074-DLR-N-3,TRUE,
940GZZDLSTL,940GZZDLSTL-Lift-1,1,,,Lift 1,940GZZDLSTL-1003005-DLR-4,,,940GZZDLSTL-1003005-BOOKH-3,False,
940GZZDLSTL,940GZZDLSTL-Lift-2,2,,,Lift 2,940GZZDLSTL-1003005-STEPH-2,,,940GZZDLSTL-1003005-BOOKH-3,False,
940GZZDLSTL,940GZZDLSTL-Lift-3,3,,,Lift 3,940GZZDLSTL-1003005-BOOKH-3,,,940GZZDLSTL-1003005-STARL-1,False,
940GZZDLWFE,940GZZDLWFE-Lift-1,1,,,Lift 1,940GZZDLWFE-1002083-WIDR-1|940GZZDLWFE-1002083-WFERR-5,,,940GZZDLWFE-1002083-DLR-E-2,False,
940GZZDLWFE,940GZZDLWFE-Lift-2,2,,,Lift 2,940GZZDLWFE-1002083-WIDR-1|940GZZDLWFE-1002083-WFERR-5,,,940GZZDLWFE-1002083-DLR-W-3,False,
940GZZDLWFE,940GZZDLWFE-Lift-3,3,,,Lift 3,940GZZDLWFE-1002083-WIDR-1|940GZZDLWFE-1002083-WFERR-5,,,940GZZDLWFE-1002083-DLR-E-2,False,
940GZZDLWFE,940GZZDLWFE-Lift-4,4,,,Lift 4,940GZZDLWFE-1002083-WIDR-1|940GZZDLWFE-1002083-WFERR-5,,,940GZZDLWFE-1002083-DLR-W-3,False,
940GZZDLWIQ,940GZZDLWIQ-Lift-1,1,,,Lift 1,940GZZDLWIQ-1002084-CONC-4,,,940GZZDLWIQ-1002084-DLR-S-2,TRUE,
940GZZDLWIQ,940GZZDLWIQ-Lift-2,2,,,Lift 2,940GZZDLWIQ-1002084-CONC-4,,,940GZZDLWIQ-1002084-DLR-N-3,TRUE,
940GZZDLWSV,940GZZDLWSV-Lift-1,1,,,Lift 1,940GZZDLWSV-1002098-Entr-3,,,940GZZDLWSV-1002098-DLR-W-4,False,
940GZZDLWSV,940GZZDLWSV-Lift-2,2,,,Lift 2,940GZZDLWSV-1002098-Entr-3,,,940GZZDLWSV-1002098-DLR-E-1,False,
940GZZLUACT,940GZZLUACT-Lift-1,1,,,Lift 1,940GZZLUACT-1000002-BookH-8,,,940GZZLUACT-1000002-DisWB-2,False,
940GZZLUACT,940GZZLUACT-Lift-2,2,,,Lift 2,940GZZLUACT-1000002-BookH-8,,,940GZZLUACT-1000002-DisEB-3,False,
940GZZLUBBB,940GZZLUBBB-Lift-1,1,,,Lift 1,940GZZLUBBB-1000032-BookH-5,,,940GZZLUBBB-1000032-DisEB-2,False,
940GZZLUBBB,940GZZLUBBB-Lift-2,2,,,Lift 2,940GZZLUBBB-1000032-BookH-5,,,940GZZLUBBB-1000032-DisWB-3,False,
940GZZLUBMY,940GZZLUBMY-Lift-1,1,,,Lift 1,940GZZLUBMY-1000021-BookH-1,,,940GZZLUBMY-1000021-Jubil-2,False,
HUBBDS,HUBBDS-Lift-1,1,,B,Lift B,HUBBDS-1000025-BookH-12,,,HUBBDS-1000025-CJL-16,False,
HUBBDS,HUBBDS-Lift-2,2,,C,Lift C,HUBBDS-1000025-CJL-16,,,HUBBDS-1000025-Centr-2,False,
HUBBDS,HUBBDS-Lift-3,3,,D,Lift D,HUBBDS-1000025-ELIJ-27,HUBBDS-1000025-CJL-16,,HUBBDS-1000025-JubNB-4|HUBBDS-1000025-JubSB-5,False,
HUBBDS,HUBBDS-Lift-4,4,,A,Lift A,HUBBDS-1000025-C-STR-6,,,HUBBDS-1000025-BookH-12,False,
HUBBDS,HUBBDS-Lift-5,5,,E,Lift E,HUBBDS-1000025-DSBH-23,HUBBDS-1000025-ELI-17,,HUBBDS-1000025-ELWL-21,False,
HUBBDS,HUBBDS-Lift-6,6,,F,Lift F,HUBBDS-1000025-HSQBH-24,,,HUBBDS-1000025-ELEL-22,False,
940GZZLUBOR,940GZZLUBOR-Lift-1,1,,,Lift 1,940GZZLUBOR-1000026-BookH-1,,,940GZZLUBOR-1000026-NorNB-3,False,
940GZZLUBOR,940GZZLUBOR-Lift-2,2,,,Lift 2,940GZZLUBOR-1000026-BookH-1,,,940GZZLUBOR-1000026-NorNB-3,False,
940GZZLUCAR,940GZZLUCAR-Lift-3,3,,,Lift 3,940GZZLUCAR-1000035-BookH-3,,,940GZZLUCAR-1000035-Picca-2,False,
940GZZLUCAR,940GZZLUCAR-Lift-4,4,,,Lift 4,940GZZLUCAR-1000035-BookH-3,,,940GZZLUCAR-1000035-Picca-2,False,
940GZZLUCKS,940GZZLUCKS-Lift-1,1,,,Lift 1,940GZZLUCKS-1000053-BookH-7,,,940GZZLUCKS-1000053-C-CAR-4,False,
940GZZLUDBN,940GZZLUDBN-Lift-1,1,,,Lift 1,940GZZLUDBN-1000060-CenEB-3,,,940GZZLUDBN-1000060-Footb-6,False,
940GZZLUDBN,940GZZLUDBN-Lift-2,2,,,Lift 2,940GZZLUDBN-1000060-Footb-6,,,940GZZLUDBN-1000060-CenWB-4,False,
940GZZLUECT,940GZZLUECT-Lift-3,3,,,Lift 3,940GZZLUECT-1000064-BookE-8,,,940GZZLUECT-1000064-PicLi-16,False,
940GZZLUECT,940GZZLUECT-Lift-4,4,,,Lift 4,940GZZLUECT-1000064-BookE-8,,,940GZZLUECT-1000064-PicLi-16,False,
940GZZLUECT,940GZZLUECT-Lift-5,5,,,Lift 5,940GZZLUECT-1000064-GANT-15,,,940GZZLUECT-1000064-DisEB-5,False,
940GZZLUECT,940GZZLUECT-Lift-6,6,,,Lift 6,940GZZLUECT-1000064-GANT-15,,,940GZZLUECT-1000064-DisWB-6,False,
940GZZLUEGW,940GZZLUEGW-Lift-1,1,,,Lift 1,940GZZLUEGW-1000070-BookH-6,,,940GZZLUEGW-1000070-Nort1-1,False,
940GZZLUEGW,940GZZLUEGW-Lift-2,2,,,Lift 2,940GZZLUEGW-1000070-BookH-6,,,940GZZLUEGW-1000070-Nor23-2,False,
940GZZLUEHM,940GZZLUEHM-Lift-1,1,,,Lift 1,940GZZLUEHM-1000068-BookH-5,,,940GZZLUEHM-1000068-DisWB-1,False,
940GZZLUEHM,940GZZLUEHM-Lift-2,2,,,Lift 2,940GZZLUEHM-1000068-BookH-5,,,940GZZLUEHM-1000068-DisEB-2,False,
940GZZLUESQ,940GZZLUESQ-Lift-1,1,,,Lift 1,940GZZLUESQ-1000078-BookH-5,,,940GZZLUESQ-1000078-Gower-1,False,
940GZZLUESQ,940GZZLUESQ-Lift-2,2,,,Lift 2,940GZZLUESQ-1000078-BookH-5,,,940GZZLUESQ-1000078-HamWB-2,False,
940GZZLUFBY,940GZZLUFBY-Lift-1,1,,,Lift 1,940GZZLUFBY-1000084-BookH-4,,,940GZZLUFBY-1000084-DisEB-1,False,
940GZZLUFBY,940GZZLUFBY-Lift-2,2,,,Lift 2,940GZZLUFBY-1000084-BookH-4,,,940GZZLUFBY-1000084-DisWB-2,False,
940GZZLUFYC,940GZZLUFYC-Lift-1,1,,,Lift 1,940GZZLUFYC-1000081-BookH-7,,,940GZZLUFYC-1000081-NorSB-1,False,
940GZZLUFYC,940GZZLUFYC-Lift-2,2,,,Lift 2,940GZZLUFYC-1000081-BookH-7,,,940GZZLUFYC-1000081-NorNB-2,False,
940GZZLUGGN,940GZZLUGGN-Lift-1,1,,,Lift 1,940GZZLUGGN-1000087-BookH-5,,,940GZZLUGGN-1000087-PLT1-1,False,
940GZZLUGGN,940GZZLUGGN-Lift-2,2,,,Lift 2,940GZZLUGGN-1000087-BookH-5,,,940GZZLUGGN-1000087-PLT2-2,False,
940GZZLUGPK,940GZZLUGPK-Lift-1,1,,,Lift 1,940GZZLUGPK-1000093-LoCon-2,,,940GZZLUGPK-1000093-Picca-1,False,
940GZZLUGPK,940GZZLUGPK-Lift-2,2,,,Lift 2,940GZZLUGPK-1000093-LoCon-2,,,940GZZLUGPK-1000093-JUB-19,False,
940GZZLUGPK,940GZZLUGPK-Lift-4,4,,,Lift 4,940GZZLUGPK-1000093-D-P-S-4,,,940GZZLUGPK-1000093-BookH-5,False,
940GZZLUGPK,940GZZLUGPK-Lift-5,5,,,Lift 5,940GZZLUGPK-1000093-BookH-5,940GZZLUGPK-1000093-VIC-18,,940GZZLUGPK-1000093-LoCon-2,False,
940GZZLUGPK,940GZZLUGPK-Lift-6,6,,,Lift 6,940GZZLUGPK-1000093-BookH-5,940GZZLUGPK-1000093-VIC-18,,940GZZLUGPK-1000093-LoCon-2,False,
940GZZLUHCL,940GZZLUHCL-Lift-1,1,,,Lift 1,940GZZLUHCL-1000106-BookH-4,,,940GZZLUHCL-1000106-North-1,False,
940GZZLUHGD,940GZZLUHGD-Lift-1,1,,,Lift 1,940GZZLUHGD-1000111-BookH-5,,,940GZZLUHGD-1000111-MetEB-1,False,
940GZZLUHGD,940GZZLUHGD-Lift-2,2,,,Lift 2,940GZZLUHGD-1000111-BookH-5,,,940GZZLUHGD-1000111-MetWB-2,False,
940GZZLUHLT,940GZZLUHLT-Lift-1,1,,,Lift 1,940GZZLUHLT-1000095-LAND-7,,,940GZZLUHLT-1000095-Cent1-2,False,
940GZZLUHLT,940GZZLUHLT-Lift-2,2,,,Lift 2,940GZZLUHLT-1000095-LAND-7,,,940GZZLUHLT-1000095-Cen23-1,False,
940GZZLUHLT,940GZZLUHLT-Lift-3,3,,,Lift 3,940GZZLUHLT-1000095-BookH-3,,,940GZZLUHLT-1000095-LAND-7,False,
940GZZLUHWE,940GZZLUHWE-Lift-1,1,,,Lift 1,940GZZLUHWE-1000117-BookH-6,,,940GZZLUHWE-1000117-PicEB-1,False,
940GZZLUHWE,940GZZLUHWE-Lift-2,2,,,Lift 2,940GZZLUHWE-1000117-BookH-6,,,940GZZLUHWE-1000117-PicWB-2,False,
940GZZLUHWT,940GZZLUHWT-Lift-1,1,,,Lift 1,940GZZLUHWT-1000118-BookH-5,,,940GZZLUHWT-1000118-Picca-1,TRUE,Entrance/exit via staff assisted stairlift for manual wheelchair users only. Request staff assistance via the Help point or buzzer next to the stairlift. The maximum operating weight of the stairlift is 225kg.
940GZZLUICK,940GZZLUICK-Lift-1,1,,,Lift 1 ,940GZZLUICK-1000120-BookH-5,,,940GZZLUICK-1000120-MetEB-2,False,
940GZZLUICK,940GZZLUICK-Lift-2,2,,,Lift 2 ,940GZZLUICK-1000120-BookH-5,,,940GZZLUICK-1000120-MetWB-3,False,
940GZZLUKBN,940GZZLUKBN-Lift-1,1,,,Lift 1,940GZZLUKBN-1000126-BookH-4,,,940GZZLUKBN-1000126-Jubil-1|940GZZLUKBN-1000126-JubNB-6,False,
940GZZLUKBY,940GZZLUKBY-Lift-1,1,,,Lift 1,940GZZLUKBY-1000128-BookH-4,,,940GZZLUKBY-1000128-JubNB-1,False,
940GZZLUKBY,940GZZLUKBY-Lift-2,2,,,Lift 2,940GZZLUKBY-1000128-BookH-4,,,940GZZLUKBY-1000128-JubSB-2,False,
940GZZLUMDN,940GZZLUMDN-Lift-1,1,,,Lift 1,940GZZLUMDN-1000151-BookH-5,,,940GZZLUMDN-1000151-Nort1-1,False,
940GZZLUMDN,940GZZLUMDN-Lift-2,2,,,Lift 2,940GZZLUMDN-1000151-BookH-5,,,940GZZLUMDN-1000151-Nort2-2,False,
940GZZLUMHL,940GZZLUMHL-Lift-1,1,,,Lift 1,940GZZLUMHL-1000147-BookH-4,,,940GZZLUMHL-1000147-North-2,False,
940GZZLUNBP,940GZZLUNBP-Lift-1,1,,,Lift 1,940GZZLUNBP-1000154-BookH-5,,,940GZZLUNBP-1000154-CenEB-2,False,
940GZZLUNBP,940GZZLUNBP-Lift-2,2,,,Lift 2,940GZZLUNBP-1000154-BookH-5,,,940GZZLUNBP-1000154-CenWB-3,False,
940GZZLUNGW,940GZZLUNGW-Lift-1,1,,,Lift 1,940GZZLUNGW-1000160-BookH-4,,,940GZZLUNGW-1000160-JubEB-1,False,
940GZZLUNGW,940GZZLUNGW-Lift-2,2,,,Lift 2,940GZZLUNGW-1000160-BookH-4,,,940GZZLUNGW-1000160-JubWT-2,False,
940GZZLUNGW,940GZZLUNGW-Lift-4,4,,,Lift 4,940GZZLUNGW-1000160-OEntr-7|940GZZLUNGW-1000160-BEntr-5,,,940GZZLUNGW-1000160-BookH-4,False,
940GZZLUOAK,940GZZLUOAK-Lift-1,1,,,Lift 1,940GZZLUOAK-1000168-BookH-1,,,940GZZLUOAK-1000168-Picca-3,False,
940GZZLUOSY,940GZZLUOSY-Lift-1,1,,,Lift 1,940GZZLUOSY-1000171-BookH-6,,,940GZZLUOSY-1000171-PicWB-3,False,
940GZZLUOSY,940GZZLUOSY-Lift-2,2,,,Lift 2,940GZZLUOSY-1000171-BookH-6,,,940GZZLUOSY-1000171-PicEB-2,False,
940GZZLUPNR,940GZZLUPNR-Lift-1,1,,,Lift 1,940GZZLUPNR-1000181-Bridg-1,,,940GZZLUPNR-1000181-MetNB-3,False,
940GZZLUPNR,940GZZLUPNR-Lift-2,2,,,Lift 2,940GZZLUPNR-1000181-Bridg-1,,,940GZZLUPNR-1000181-MetSB-2,False,
940GZZLUSFS,940GZZLUSFS-Lift-1,1,,,Lift 1,940GZZLUSFS-1000209-BookH-1,,,940GZZLUSFS-1000209-Distr-3,False,
940GZZLUSUH,940GZZLUSUH-Lift-1,1,,,Lift 1,940GZZLUSUH-1000227-BookH-5,,,940GZZLUSUH-1000227-PicWB-3,False,
940GZZLUSUH,940GZZLUSUH-Lift-2,2,,,Lift 2,940GZZLUSUH-1000227-BookH-5,,,940GZZLUSUH-1000227-PicEB-2,False,
940GZZLUSWK,940GZZLUSWK-Lift-1,1,,,Lift 1,940GZZLUSWK-1000215-BookH-1,,,940GZZLUSWK-1000215-JubWB-9|940GZZLUSWK-1000215-Jubil-3,False,
940GZZLUSWK,940GZZLUSWK-Lift-2,2,,,Lift 2,940GZZLUSWK-1000215-A-CUT-2,,,940GZZLUSWK-1000215-BookH-1,False,
HUBTCR,HUBTCR-Lift-1,1,,B,Lift B,HUBTCR-1000235-D-NPE-21,,,HUBTCR-1000235-BookH-13,False,
HUBTCR,HUBTCR-Lift-2,2,,E,Lift E,HUBTCR-1000235-BookH-13,,,HUBTCR-1000235-UpCon-17,False,
HUBTCR,HUBTCR-Lift-3,3,,A,Lift A,HUBTCR-1000235-F-O/C-7,,,HUBTCR-1000235-BookH-13,False,
HUBTCR,HUBTCR-Lift-4,4,,D,Lift D,HUBTCR-1000235-BookH-13,HUBTCR-1000235-UpCon-17,,HUBTCR-1000235-NORPL-22,False,
HUBTCR,HUBTCR-Lift-5,5,,F,Lift F,HUBTCR-1000235-UpCon-17,,,HUBTCR-1000235-CenEB-2|HUBTCR-1000235-CenWB-9,False,
HUBTCR,HUBTCR-Lift-7,6,,A,Lift DS-A,HUBTCR-1000235-DSBH-27,,,HUBTCR-1000235-ELWL-28,False,
HUBTCR,HUBTCR-Lift-8,7,,B,Lift DS-B,HUBTCR-1000235-ELWL-28,,,HUBTCR-1000235-ELWL-25,False,
HUBTCR,HUBTCR-Lift-10,8,,C,Lift C,HUBTCR-1000235-ELEL-26,,,HUBTCR-1000235-BookH-13,False,
HUBTCR,HUBTCR-Lift-12,9,,G,Lift G,HUBTCR-1000235-ELEL-26,,,HUBTCR-1000235-NORPL-22,False,
940GZZLUTWH,940GZZLUTWH-Lift-1,1,,,Lift 1,940GZZLUTWH-1000238-A-TRI-3,,,940GZZLUTWH-1000238-DisEB-1,False,
940GZZLUTWH,940GZZLUTWH-Lift-2,2,,,Lift 2,940GZZLUTWH-1000238-B-JUB-4,,,940GZZLUTWH-1000238-DisWB-2,False,
940GZZLUWLA,940GZZLUWLA-Lift-1,1,,,Lift 1,940GZZLUWLA-1000278-BookH-5,,,940GZZLUWLA-1000278-HamEB-1,False,
940GZZLUWLA,940GZZLUWLA-Lift-2,2,,,Lift 2,940GZZLUWLA-1000278-BookH-5,,,940GZZLUWLA-1000278-HamEB-1,False,
940GZZLUWLA,940GZZLUWLA-Lift-3,3,,,Lift 3,940GZZLUWLA-1000278-BookH-5,,,940GZZLUWLA-1000278-HamWB-3,False,
940GZZLUWLA,940GZZLUWLA-Lift-4,4,,,Lift 4,940GZZLUWLA-1000278-BookH-5,,,940GZZLUWLA-1000278-HamWB-3,False,
940GZZLUWIP,940GZZLUWIP-Lift-1,1,,,Lift 1,940GZZLUWIP-1000273-BookH-3,,,940GZZLUWIP-1000273-Distr-1,False,
940GZZLUWYP,940GZZLUWYP-Lift-1,1,,,Lift 1,940GZZLUWYP-1000257-BookH-8,,,940GZZLUWYP-1000257-MET1-1,False,Platform not always in use depending on time of day.
940GZZLUWYP,940GZZLUWYP-Lift-2,2,,,Lift 2,940GZZLUWYP-1000257-BookH-8,,,940GZZLUWYP-1000257-JubNB-2|940GZZLUWYP-1000257-Met2-12,False,
940GZZLUWYP,940GZZLUWYP-Lift-3,3,,,Lift 3,940GZZLUWYP-1000257-BookH-8,,,940GZZLUWYP-1000257-JubSB-3|940GZZLUWYP-1000257-Met5-7,False,
940GZZLUWYP,940GZZLUWYP-Lift-4,4,,,Lift 4,940GZZLUWYP-1000257-BookH-8,,,940GZZLUWYP-1000257-MET6-4,False,Platform not always in use depending on time of day.
940GZZLUWYP,940GZZLUWYP-Lift-5,5,,,Lift 5,940GZZLUWYP-1000257-BookH-8,,,940GZZLUWYP-1000257-E-STA-5,False,
HUBBAN,HUBBAN-Lift-2,2,,,Lift 2,HUBBAN-1000013-BookN-2,,,HUBBAN-1000013-ConNL-6,False,
HUBBAN,HUBBAN-Lift-3,3,,,Lift 3,HUBBAN-1000013-BookN-2,,,HUBBAN-1000013-ConNL-6,False,
HUBBAN,HUBBAN-Lift-4,4,,,Lift 4,HUBBAN-1000013-BookN-2,,,HUBBAN-1000013-ConNL-6,False,
HUBBAN,HUBBAN-Lift-5,5,,,Lift 5,HUBBAN-1000013-BookN-2,,,HUBBAN-1000013-ConNL-6,False,
HUBBAN,HUBBAN-Lift-6,6,,,Lift C,HUBBAN-1000013-ConNL-6,,,HUBBAN-1000013-DLR-98,False,
HUBBAN,HUBBAN-Lift-7,7,,,Lift A,HUBBAN-1000013-R-KWS-7,,,HUBBAN-1000013-BookN-2,False,Lift available on request. Press button to alert staff.
HUBBAN,HUBBAN-Lift-8,8,,,Lift 8,HUBBAN-1000013-S-BLO-99,,,HUBBAN-1000013-BMez-28,False,
HUBBAN,HUBBAN-Lift-9,9,,,Lift 9,HUBBAN-1000013-BMez-28,,,HUBBAN-1000013-Water-9,False,
HUBBAN,HUBBAN-Lift 10,10,,,Lift F,HUBBAN-1000013-CSBH-95,HUBBAN-1000013-NLSP-31,,HUBBAN-1000013-DLR-98,False,
HUBBAN,HUBBAN-Lift 11,11,,,Lift G,HUBBAN-1000013-CSBH-95,,,HUBBAN-1000013-NLSP-31,False,
HUBBFR,HUBBFR-Lift-6,6,,,Lift 6,HUBBFR-1000023-LULB-12,,,HUBBFR-1000023-LUE-6,False,
HUBBFR,HUBBFR-Lift-8,8,,,Lift 8,HUBBFR-1000023-LULB-12,,,HUBBFR-1000023-LUW-8,False,
HUBBFR,HUBBFR-Lift-1,1,,,Lift 1,HUBBFR-1000023-ENTN-5,,,HUBBFR-1000023-RPL-1|HUBBFR-1000023-RPLTN-4|,False,
HUBBFR,HUBBFR-Lift-2,2,,,Lift 2 ,HUBBFR-1000023-ENTN-5,,,HUBBFR-1000023-RPLTS-2,False,
HUBBFR,HUBBFR-Lift-3,3,,,Lift 3,HUBBFR-1000023-ENTS-7,,,HUBBFR-1000023-RPL-1|HUBBFR-1000023-RPLTN-4|,False,
HUBBFR,HUBBFR-Lift-4,4,,,Lift 4 ,HUBBFR-1000023-ENTS-7,,,HUBBFR-1000023-RPLTS-2,False,
HUBBHO,HUBBHO-Lift-1,1,,,Lift 1,HUBBHO-1000024-BookH-7,,,HUBBHO-1000024-RPL W-8,False,
HUBBHO,HUBBHO-Lift-2,2,,,Lift 2,HUBBHO-1000024-BookH-7,,,HUBBHO-1000024-RPL E-10,False,
HUBBKG,HUBBKG-Lift-1,1,,,Lift 1,HUBBKG-1000015-BookH-1,,,HUBBKG-1000015-RPL-G-8,False,
HUBBRX,HUBBRX-Lift-1,1,,,Lift 1,HUBBRX-1000031-BookH-2,,,HUBBRX-1000031-A-BRI-1,False,
HUBBRX,HUBBRX-Lift-2,2,,,Lift 2,HUBBRX-1000031-BookH-2,,,HUBBRX-1000031-Victo-4,False,
HUBCAN,HUBCAN-Lift-1,1,,,Lift 1,HUBCAN-1000039-BOW-9,,,HUBCAN-1000039-BookH-5,False,
HUBCAN,HUBCAN-Lift-2,2,,,Lift 2,HUBCAN-1000039-BookH-5,HUBCAN-1000039-Jubil-1|HUBCAN-1000039-JubEB-15,,HUBCAN-1000039-DLR-2,False,
HUBCAN,HUBCAN-Lift-3,3,,,Lift 3,HUBCAN-1000039-ENTRA-3,,,HUBCAN-1000039-BookH-5,False,
HUBCAN,HUBCAN-Lift-4,4,,,Lift 4,HUBCAN-1000039-BookH-5,,,HUBCAN-1000039-DLRL-4,False,
HUBCAW,HUBCAW-Lift-DLR 1,DLR 1,,,Lift DLR 1,HUBCAW-1003008-NORTH-3,,,HUBCAW-1003008-DLR M-1,False,
HUBCAW,HUBCAW-Lift-DLR 2,DLR 2,,,Lift DLR 2,HUBCAW-1003008-NORTH-3,,,HUBCAW-1003008-DLR M-1,False,
HUBCAW,HUBCAW-Lift-DLR S2,DLR S2,,,Lift DLR S2,HUBCAW-1003008-SHW-7,HUBCAW-1003008-DLR M-1,,HUBCAW-1003008-DLR-N-4,False,
HUBCAW,HUBCAW-Lift-DLR S3,DLR S3,,,Lift DLR S3,HUBCAW-1003008-SHE-6,HUBCAW-1003008-DLR M-1,,HUBCAW-1003008-DLR-S-2,False,
HUBCAW,HUBCAW-Lift-LU 1,LU 1,,,Lift LU 1,HUBCAW-1000038-PLA-1|HUBCAW-1000038-J Mez-11|HUBCAW-1000038-UBST-13,,,HUBCAW-1000038-BookJ-2,False,
HUBCAW,HUBCAW-Lift-LU 2,LU 2,,,Lift LU 2,HUBCAW-1000038-BookJ-2,,,HUBCAW-1000038-Jubil-5,False,
HUBCAW,HUBCAW-Lift-A,EL 1,,,Lift A,HUBCAW-1002163-HLE-3,HUBCAW-1002163-QE-4,,HUBCAW-1002163-BH-2,False,
HUBCAW,HUBCAW-Lift-B,EL 2,,,Lift B,HUBCAW-1002163-CAP-7,,,HUBCAW-1002163-BH-2,False,
HUBCAW,HUBCAW-Lift-C,EL 3,,,Lift C,HUBCAW-1002163-BH-2,,,HUBCAW-1002163-EL EB-1|HUBCAW-1002163-EL WB-5,False,
HUBCAW,HUBCAW-Lift-D,EL 4,,,Lift D,HUBCAW-1002163-BH-2,,,HUBCAW-1002163-EL EB-1|HUBCAW-1002163-EL WB-5,False,
HUBCLJ,HUBCLJ-Lift-1,1,,,Lift 1,HUBCLJ-1001069-RLY-9,,,HUBCLJ-1001069-RPL-K-2,False,
HUBCLJ,HUBCLJ-Lift-2,2,,,Lift 2,HUBCLJ-1001069-Subwy-10,,,HUBCLJ-1001069-RPL-K-2,False,
HUBCST,HUBCST-Lift-2,2,,,Lift 2,HUBCST-1000040-BookH-7,,,HUBCST-1000040-DisWB-2,False,
HUBCST,HUBCST-Lift-1,1,,,Lift 1 ,HUBCST-1000337-NR-6,,,HUBCST-1000337-NR E-9,False,
HUBCUT,HUBCUT-Lift-1,1,,,Lift 1,HUBCUT-1002027-CREEK-3,HUBCUT-1002027-CONC-5,,HUBCUT-1002027-DLR-2,False,
HUBCYP,HUBCYP-Lift-1,1,,,Lift 1,HUBCYP-1001078-RLY-9,,,HUBCYP-1001078-RPLTN-2|HUBCYP-1001078-RPLFS-5,False,
HUBCYP,HUBCYP-Lift-2,2,,,Lift 2,HUBCYP-1001078-RLY-9,,,HUBCYP-1001078-RPL T-7|HUBCYP-1001078-RPLTS-4,False,
HUBCYP,HUBCYP-Lift-3,3,,,Lift 3,HUBCYP-1001078-RLY-9,,,HUBCYP-1001078-RPLFN-6,False,
HUBECY,HUBECY-Lift-1,1,,,Lift 1,HUBECY-1001089-EntR-10,,,HUBECY-1001089-FBdg-11,False,
HUBECY,HUBECY-Lift-2,2,,,Lift 2,HUBECY-1001089-FBdg-11,,,HUBECY-1001089-RPL1-2,False,
HUBECY,HUBECY-Lift-3,3,,,Lift 3,HUBECY-1001089-FBdg-11,,,HUBECY-1001089-RPL2-3,False,
HUBECY,HUBECY-Lift-4,4,,,Lift 4,HUBECY-1001089-FBdg-11,,,HUBECY-1001089-RPL3-4,False,
HUBEPH,HUBEPH-Lift-5,5,,,Lift 5,HUBEPH-1000073-BookS-9,,,HUBEPH-1000073-NorSB-5,False,
HUBEPH,HUBEPH-Lift-6,6,,,Lift 6,HUBEPH-1000073-BookS-9,,,HUBEPH-1000073-NorSB-5,False,
HUBFPK,HUBFPK-Lift-1,1,,,Lift 1,HUBFPK-1000083-Cor N-15,,,HUBFPK-1000083-VicNB-4|HUBFPK-1000083-PicEB-2,False,
HUBFPK,HUBFPK-Lift-3,3,,,Lift 3,HUBFPK-1000083-Cor N-15,,,HUBFPK-1000083-VicSB-5|HUBFPK-1000083-PicWB-3,False,
HUBFPK,HUBFPK-Lift1A,1A,u094609000001,,Lift 1A,HUBFPK-1000083-Cor N-15,,,HUBFPK-1000334-RPL S-10,False,
HUBFPK,HUBFPK-Lift 2,2,u094609000002,,Lift 2,HUBFPK-1000083-Cor N-15,,,HUBFPK-1000334-Entr-2,False,
HUBFPK,HUBFPK-Lift 7,7,,,Lift 7,HUBFPK-1000083-Cor N-15,,,HUBFPK-1000334-RPL N-14,False,
HUBGFD,HUBGFD-Lift-1,1,,,Lift 1,HUBGFD-1000092-BookH-5,,,HUBGFD-1000092-PLATS-8,False,
HUBGNW,HUBGNW-Lift-1,1,,,Lift 1,HUBGNW-1001123-WALLW-7,,,HUBGNW-1001123-DLR E-8|HUBGNW-1001123-RPL-W-9,False,
HUBGNW,HUBGNW-Lift-2,2,,,Lift 2,HUBGNW-1001123-WALLW-7,,,HUBGNW-1001123-DLRW-2,False,
HUBHOH,HUBHOH-Lift-1,1,,,Lift 1,HUBHOH-1000102-B-COL-4,,,HUBHOH-1000102-BookH-5,False,
HUBHOH,HUBHOH-Lift-2,2,,,Lift 2,HUBHOH-1000102-WAL-9,,,HUBHOH-1000102-RPLP1-6,False,
HUBHOH,HUBHOH-Lift-3,3,,,Lift 3,HUBHOH-1000102-WAL-9,,,HUBHOH-1000102-Met34-2,False,
HUBHOH,HUBHOH-Lift-4,4,,,Lift 4,HUBHOH-1000102-WAL-9,,,HUBHOH-1000102-Met56-1,False,
HUBH13,HUBH13-Lift-1,1,,,Lift 1,HUBH13-1000105-BookH-7,,,HUBH13-1000105-Picca-1|HUBH13-1000105-Pic1-10,False,
HUBH13,HUBH13-Lift-2,2,,,Lift 2,HUBH13-1001147-Entr-2,,,HUBH13-1001147-RPL-1,False,
HUBHHY,HUBHHY-Lift-1,1,,,Lift 1,HUBHHY-1000108-RLY-4,,,HUBHHY-1000108-RPLHT-1,False,
HUBHHY,HUBHHY-Lift-2,2,,,Lift 2,HUBHHY-1000108-RLY-4,,,HUBHHY-1000108-RPLHW-2,False,
HUBHHY,HUBHHY-Lift-3,3,,,Lift 3,HUBHHY-1000108-RLY-4,,,HUBHHY-1000108-RPLHE-3,False,
HUBHMS,HUBHMS-Lift-1,1,,,Lift 1,HUBHMS-1000096-WBHal-11,,,HUBHMS-1000096-DisEB-2|HUBHMS-1000096-PicEB-4,False,
HUBHMS,HUBHMS-Lift-2,2,,,Lift 2,HUBHMS-1000096-WBHal-11,,,HUBHMS-1000096-DisWB-1|HUBHMS-1000096-PicWB-3,False,
HUBHRW,HUBHRW-Lift-1,1,,,Lift 1,HUBHRW-1000101-UNB-10|HUBHRW-1000101-RPLDN-12,,,HUBHRW-1000101-FOOTB-1,False,
HUBHRW,HUBHRW-Lift-2,2,,,Lift 2,HUBHRW-1000101-FOOTB-1,,,HUBHRW-1000101-USB-98|HUBHRW-1000101-RPLDS-7,False,
HUBHRW,HUBHRW-Lift-3,3,,,Lift 3,HUBHRW-1000101-FOOTB-1,,,HUBHRW-1000101-RPLAN-6,False,
HUBHRW,HUBHRW-Lift-4,4,,,Lift 4,HUBHRW-1000101-FOOTB-1,,,HUBHRW-1000101-RPLAS-11,False,
HUBHX4,HUBHX4-Lift-1,1,,,Lift 1,HUBHX4-1000104-BookH-4,,,HUBHX4-1000104-A-TER-1,False,
HUBHX4,HUBHX4-Lift-2,2,,,Lift 2,HUBHX4-1000104-RPL-2,,,HUBHX4-1000104-A-TER-1,False,
HUBHX5,HUBHX5-Lift-1,1,,,Lift 1,HUBHX5-1016430-A-T5-2,,,HUBHX5-1016430-PICC-1,False,
HUBHX5,HUBHX5-Lift-2,2,,,Lift 2,HUBHX5-1016430-A-T5-2,,,HUBHX5-1016430-RPL-6,False,
HUBIMP,HUBIMP-Lift-1,1,,,Lift 1,HUBIMP-1001347-RLY-5,,,HUBIMP-1001347-RPL-S-1,False,
HUBIMP,HUBIMP-Lift-2,2,,,Lift 2,HUBIMP-1001347-RLY-5,,,HUBIMP-1001347-RPL-N-4,False,
HUBKGX,HUBKGX-Lift-1,1,,F,Lift 1,HUBKGX-1000129-WTH-2,,,HUBKGX-1000129-Circl-1,False,
HUBKGX,HUBKGX-Lift-10,10,,A,Lift 10,HUBKGX-1000129-KC911-10,,,HUBKGX-1000129-NTH-11,False,
HUBKGX,HUBKGX-Lift-11,11,,C,Lift 11,HUBKGX-1000129-H-STP-21,,,HUBKGX-1000129-NTH-11,False,
HUBKGX,HUBKGX-Lift-2,2,,E,Lift 2,HUBKGX-1000129-I-E/C-3,,,HUBKGX-1000129-WTH-2,False,
HUBKGX,HUBKGX-Lift-3,3,,D,Lift 3,HUBKGX-1000129-I-E/C-3,HUBKGX-1000129-TTH-5,,HUBKGX-1000129-NPN-6,False,
HUBKGX,HUBKGX-Lift-5,5,,G,Lift 5,HUBKGX-1000129-NPN-6,,,HUBKGX-1000129-NorNB-19|HUBKGX-1000129-NorSB-26,False,
HUBKGX,HUBKGX-Lift-6,6,,H,Lift 6,HUBKGX-1000129-NTH-11,,,HUBKGX-1000129-NPE-7,False,
HUBKGX,HUBKGX-Lift-7,7,,J,Lift 7,HUBKGX-1000129-NPE-7,,,HUBKGX-1000129-PicWB-8|HUBKGX-1000129-PicEB-18,False,
HUBKGX,HUBKGX-Lift-8,8,,K,Lift 8,HUBKGX-1000129-NPE-7,,,HUBKGX-1000129-VicNB-22|HUBKGX-1000129-VicSB-23,False,
HUBLBG,HUBLBG-Lift-2,2,,,Lift 2,HUBLBG-1000139-BookJ-3,,,HUBLBG-1000139-Jubil-2,False,
HUBLBG,HUBLBG-Lift-3,3,,,Lift 3,HUBLBG-1000139-BOROU-4,,,HUBLBG-1000139-BookN-8,False,
HUBLBG,HUBLBG-Lift-4,4,,,Lift 4,HUBLBG-1000139-BookN-8,,,HUBLBG-1000139-North-9,False,
HUBLBG,HUBLBG-Lift-5,5,,,Lift 5,HUBLBG-1000139-RLY-16,,,HUBLBG-1000139-RPL45-22,False,
HUBLBG,HUBLBG-Lift-6,6,,,Lift 6,HUBLBG-1000139-RLY-16,,,HUBLBG-1000139-UpFlr-18,False,
HUBLCY,HUBLCY-Lift-1,1,,,Lift 1,HUBLCY-1002000-DRERD-5,,,HUBLCY-1002000-DLR-1,False,
HUBLCY,HUBLCY-Lift-2,2,,,Lift 2,HUBLCY-1002000-DRERD-5,,,HUBLCY-1002000-DLR-1,False,
HUBLHS,HUBLHS-Lift-1,1,,,Lift 1,HUBLHS-1001180-BRANC-8,,,HUBLHS-1001180-DLRE-7,TRUE,
HUBLHS,HUBLHS-Lift-2,2,,,Lift 2,HUBLHS-1001180-BRANC-8,,,HUBLHS-1001180-DLRW-3,TRUE,
HUBLHS,HUBLHS-Lift-3,3,,,Lift 3,HUBLHS-1001180-BUTCH-2,,,HUBLHS-1001180-DLRE-7,TRUE,
HUBLHS,HUBLHS-Lift-4,4,,,Lift 4,HUBLHS-1001180-BUTCH-2,,,HUBLHS-1001180-DLRW-3,TRUE,
HUBLST,HUBLST-Lift-1,1,,,Lift 1,HUBLST-1000138-BookH-1,,,HUBLST-1000138-RPL-11|HUBLST-1000138-Bus-10,False,
HUBLST,HUBLST-Lift-C,7,,C,Lift C,HUBLST-1000138-EL EB-19|HUBLST-1000138-EL WB-23,,,HUBLST-1000138-ELM-22,False,
HUBLST,HUBLST-Lift-B,8,,B,Lift B,HUBLST-1000138-ELM-22,,,HUBLST-1000138-ELBH-21,False,
HUBLST,HUBLST-Lift-A,9,,A,Lift A,HUBLST-1000138-ELBH-21,,,HUBLST-1000138-H-EL-20,False,
HUBNXG,HUBNXG-Lift-1,1,,,Lift 1,HUBNXG-1000156-RLY-4,,,HUBNXG-1000156-RPL-1-5,False,
HUBNXG,HUBNXG-Lift-3,3,,,Lift 3,HUBNXG-1000156-RLY-4,,,HUBNXG-1000156-RPL-5-7,False,
HUBPAD,HUBPAD-Lift-2,2,,,Lift 2,HUBPAD-1000174-Lawn-7,,,HUBPAD-1000174-D - L-10,False,
HUBPAD,HUBPAD-Lift-3,3,,,Lift 3,HUBPAD-1000175-BookH-4,,,HUBPAD-1000175-PLAT-7,False,
HUBPAD,HUBPAD-Lift-6,6,,,Lift 6,HUBPAD-1001221-ET-6,HUBPAD-1001221-WEnt-5,,HUBPAD-1001221-ELTH-8,False,
HUBPAD,HUBPAD-Lift-7,7,,,Lift 7,HUBPAD-1001221-ET-6,HUBPAD-1001221-ELEnt-7,,HUBPAD-1001221-ELTH-8,False,
HUBPAD,HUBPAD-Lift-8,8,,,Lift 8,HUBPAD-1001221-ELTH-8,,,HUBPAD-1001221-ELL-10,False,
HUBPAD,HUBPAD-Lift-9,9,,,Lift 9,HUBPAD-1001221-ELTH-8,,,HUBPAD-1001221-ELL-10,False,
HUBPAD,HUBPAD-Lift-12,12,,,Lift 12,HUBPAD-1001221-ELL-10,,,HUBPAD-1001221-BLL-9,False,
HUBPAD,HUBPAD-Lift-X,X,,,Lift X,HUBPAD-1000174-BLLU-13,,,HUBPAD-1000174-BakSB-1|HUBPAD-1000174-BakNB-2,False,
HUBRMD,HUBRMD-Lift-1,1,,,Lift 1,HUBRMD-1000192-RLY-4,,,HUBRMD-1000192-RPL W-9,False,
HUBRMD,HUBRMD-Lift-2,2,,,Lift 2,HUBRMD-1000192-RLY-4,,,HUBRMD-1000192-RPL E-3,False,
HUBSDE,HUBSDE-Lift-1,1,,,Lift 1,HUBSDE-1000202-CORNW-9,,,HUBSDE-1000202-DLR-3,False,
HUBSPB,HUBSPB-Lift-1,1,,,Lift 1,HUBSPB-1001348-Bridg-3,HUBSPB-1001348-RLY-5,,HUBSPB-1001348-RPL-N-1,False,
HUBSPB,HUBSPB-Lift-2,2,,,Lift 2,HUBSPB-1001348-Bridg-3,,,HUBSPB-1001348-RPL-S-4,False,
HUBSRA,HUBSRA-Lift-10,10,,,Lift 10,HUBSRA-1000226-Sub-W-10,,,HUBSRA-1000226-CenEB-2,False,
HUBSRA,HUBSRA-Lift-12,12,,,Lift 12,HUBSRA-1000226-Sub-W-10,,,HUBSRA-1000226-RPL-O-9|HUBSRA-1000226-RPL-N-12,False,
HUBSRA,HUBSRA-Lift-16,16,,,Lift 16,HUBSRA-1000226-WESTF-92,,,HUBSRA-1000226-Sub-W-10,False,
HUBSRA,HUBSRA-Lift-17,17,,,Lift 17,HUBSRA-1000226-WESTF-92,,,HUBSRA-1000226-Sub-M-1,False,
HUBSRA,HUBSRA-Lift-18,18,,,Lift 18,HUBSRA-1000226-Sub-W-10,,,HUBSRA-1000226-CenWB-3,False,
HUBSRA,HUBSRA-Lift-2,2,,,Lift 2,HUBSRA-1000226-Sub-M-1,,,HUBSRA-1000226-CenEB-2,False,
HUBSRA,HUBSRA-Lift-3,3,,,Lift 3,HUBSRA-1000226-Sub-M-1,,,HUBSRA-1000226-CenWB-3,False,
HUBSRA,HUBSRA-Lift-4,4,,,Lift 4,HUBSRA-1000226-MEZ-4,,,HUBSRA-1000226-TH-E-70,False,
HUBSRA,HUBSRA-Lift-5,5,,,Lift 5,HUBSRA-1000226-MEZ-4,,,HUBSRA-1000226-TH-W-5|HUBSRA-1000226-Jubil-8,False,
HUBSRA,HUBSRA-Lift-6,6,,,Lift 6,HUBSRA-1000226-MEZ-4,,,HUBSRA-1000226-TH-E-70,False,
HUBSRA,HUBSRA-Lift-7,7,,,Lift 7,HUBSRA-1000226-MEZ-4,,,HUBSRA-1000226-TH-W-5|HUBSRA-1000226-Jubil-8,False,
HUBSRA,HUBSRA-Lift-8,8,,,Lift 8,HUBSRA-1000226-Sub-W-10,,,HUBSRA-1000226-TH-W-5|HUBSRA-1000226-Jubil-8,False,
HUBSRA,HUBSRA-Lift-9,9,,,Lift 9,HUBSRA-1000226-Sub-M-1,,,HUBSRA-1000226-RPL-O-9|HUBSRA-1000226-RPL-N-12,False,
HUBTOG,HUBTOG-Lift-1,1,,,Lift 1,HUBTOG-1002076-MINOR-2,,,HUBTOG-1002076-DLR-1,TRUE,
HUBTOG,HUBTOG-Lift-2,2,,,Lift 2,HUBTOG-1002076-MINOR-2,,,HUBTOG-1002076-DLR-1,TRUE,
HUBTOM,HUBTOM-Lift-1,1,,,Lift 1,HUBTOM-1000236-LUBOO-1,,,HUBTOM-1000236-Victo-2,False,
HUBUPM,HUBUPM-Lift-1,1,,,Lift 1,HUBUPM-1000242-BridW-11,,,HUBUPM-1000242-Dist3-2|HUBUPM-1000242-Dis45-3|HUBUPM-1000242-RPL W-1,False,
HUBUPM,HUBUPM-Lift-2,2,,,Lift 2,HUBUPM-1000242-BridW-11,,,HUBUPM-1000242-Dist3-2|HUBUPM-1000242-Dis45-3|HUBUPM-1000242-RPL W-1,False,
HUBUPM,HUBUPM-Lift-3,3,,,Lift 3,HUBUPM-1000242-BridW-11,,,HUBUPM-1000242-Dist3-2|HUBUPM-1000242-Dis45-3|HUBUPM-1000242-RPL W-1,False,
HUBVIC,HUBVIC-Lift-A1B2,A1B2,,A and B,Lift A1B2,HUBVIC-1000248-D-VIC-9,,,HUBVIC-1000248-BookV-12,False,
HUBVIC,HUBVIC-Lift-C3,C3,,C,Lift C3,HUBVIC-1000248-CARD-71,,,HUBVIC-1000248-BookN-72,False,
HUBVIC,HUBVIC-Lift-D4,D4,,D,Lift D4,HUBVIC-1000248-BookV-12,HUBVIC-1000248-DisW-74,,HUBVIC-1000248-SInt-76,False,
HUBVIC,HUBVIC-Lift-E5,E5,,E,Lift E5,HUBVIC-1000248-BookN-72,,,HUBVIC-1000248-NInt-73,False,
HUBVIC,HUBVIC-Lift-F6,F6,,F,Lift F6,HUBVIC-1000248-VicNB-4|HUBVIC-1000248-VicSB-5,HUBVIC-1000248-DVLnk-16,,HUBVIC-1000248-DisE-2,False,
HUBVIC,HUBVIC-Lift-G7,G7,,G,Lift G7,HUBVIC-1000248-NInt-73,,,HUBVIC-1000248-VicNB-4|HUBVIC-1000248-VicSB-5,False,
HUBVXH,HUBVXH-Lift-1,1,,,Lift 1,HUBVXH-1000247-B-B-E-5,,,HUBVXH-1000247-BookH-10,False,
HUBVXH,HUBVXH-Lift-2,2,,,Lift 2,HUBVXH-1000247-BookH-10,,,HUBVXH-1000247-Victo-2,False,
HUBWAT,HUBWAT-Lift-1,1,,,Lift 1 ,HUBWAT-1000254-WCArr-20,,,HUBWAT-1000254-BookM-18,False,
HUBWAT,HUBWAT-Lift-2,2,,,Lift 2,HUBWAT-1000254-BookJ-1,HUBWAT-1000254-IntJu-19,,HUBWAT-1000254-Jubil-2,False,
HUBWAT,HUBWAT-Lift-3,3,,,Lift 3,HUBWAT-1000254-BookM-18,HUBWAT-1000254-TSC-23,,HUBWAT-1000254-RPL-14,False,
HUBWAT,HUBWAT-Lift-4,4,,,Lift 4,HUBWAT-1000254-B-WOR-13,,,HUBWAT-1000254-RPL-14,False,
HUBWBP,HUBWBP-Lift-3,3,,,Lift 3,HUBWBP-1000260-RLY-6,,,HUBWBP-1000260-RPL S-1,False,
HUBWBP,HUBWBP-Lift-4,4,,,Lift 4,HUBWBP-1000260-RLY-6,,,HUBWBP-1000260-RPL N-2,False,
HUBWEH,HUBWEH-Lift-1,1,,,Lift 1,HUBWEH-1000262-BookH-6,,,HUBWEH-1000262-Footb-1,False,
HUBWEH,HUBWEH-Lift-2,2,,,Lift 2,HUBWEH-1000262-Footb-1,,,HUBWEH-1000262-Jubil-2,False,
HUBWEH,HUBWEH-Lift-4,4,,,Lift 4,HUBWEH-1000262-BookH-6,,,HUBWEH-1000262-Dist-4,False,
HUBWEH,HUBWEH-Lift-5,5,,,Lift 5,HUBWEH-1000262-Footb-1,,,HUBWEH-1000262-DLR-5,False,
HUBWFJ,HUBWFJ-Lift-1,1,,,Lift 1,HUBWFJ-1001317-RLY-D-7,,,HUBWFJ-1001317-RPL-D-4,False,
HUBWIJ,HUBWIJ-Lift-1,1,,,Lift 1,HUBWIJ-1000271-RLY-10,,,HUBWIJ-1000271-Under-3|HUBWIJ-1000271-RPL-L-4,False,
HUBWIJ,HUBWIJ-Lift-2,2,,,Lift 2,HUBWIJ-1000271-Sub-7,,,HUBWIJ-1000271-RPL-H-6,False,
HUBWIM,HUBWIM-Lift-1,1,,,Lift 1,HUBWIM-1000272-BookH-5,,,HUBWIM-1000272-Under-1,False,
HUBWIM,HUBWIM-Lift-2,2,,,Lift 2,HUBWIM-1000272-BookH-5,,,HUBWIM-1000272-Tram-2|HUBWIM-1000272-RPL-S-7,False,
HUBWMB,HUBWMB-Lift-1,1,,,Lift 1,HUBWMB-1000256-RLY-4,,,HUBWMB-1000256-UNB-3|HUBWMB-1000256-RPLDN-7,False,
HUBWMB,HUBWMB-Lift-2,2,,,Lift 2,HUBWMB-1000256-RLY-4,,,HUBWMB-1000256-USB-9|HUBWMB-1000256-RPLDS-11,False,
HUBWMB,HUBWMB-Lift-3,3,,,Lift 3,HUBWMB-1000256-RLY-4,,,HUBWMB-1000256-RPLAN-5,False,
HUBWMB,HUBWMB-Lift-4,4,,,Lift 4,HUBWMB-1000256-RLY-4,,,HUBWMB-1000256-RPLAS-6,False,
HUBWSM,HUBWSM-Lift-2,2,,A,Lift 2,HUBWSM-1000266-BookH-4,,,HUBWSM-1000266-A-BRI-2,False,
HUBWSM,HUBWSM-Lift-3,3,,B,Lift 3,HUBWSM-1000266-BookH-4,,,HUBWSM-1000266-DisEB-3,False,
HUBWSM,HUBWSM-Lift-4,4,,C,Lift 4,HUBWSM-1000266-BookH-4,,,HUBWSM-1000266-DisWB-5,False,
HUBWSM,HUBWSM-Lift-5,5,,D,Lift 5,HUBWSM-1000266-DisWB-5,HUBWSM-1000266-JubEB-6,,HUBWSM-1000266-JubWB-11,False,
HUBWWA,HUBWWA-Lift-2,2,,,Lift 2,HUBWWA-1003000-BED-2,,,HUBWWA-1003000-DLR-1,False,
HUBWWA,HUBWWA-Lift-3,3,,,Lift 3,HUBWWA-1003000-WOO-3,,,HUBWWA-1003000-DLR-1,False,
HUBZCW,HUBZCW-Lift-1,1,,,Lift 1,HUBZCW-1000037-RLY-5,HUBZCW-1000037-RPL-S-3,,HUBZCW-1000037-JubWB-10|HUBZCW-1000037-Jubil-1,False,
HUBZCW,HUBZCW-Lift-2,2,,,Lift 2,HUBZCW-1000037-RLY-5,,,HUBZCW-1000037-RPL-N-2,False,
HUBZCW,HUBZCW-Lift-4,4,,,Lift 4,HUBZCW-1000037-SURRE-4,,,HUBZCW-1000037-RLY-5,False,
HUBZFD,HUBZFD-Lift-1,1,,A,Lift A,HUBZFD-1000080-NBK-12,,,HUBZFD-1000080-HamEB-1,False,
HUBZFD,HUBZFD-Lift-2,2,,B,Lift B,HUBZFD-1000080-BookH-3,,,HUBZFD-1000080-HamWB-2,False,
HUBZFD,HUBZFD-Lift-3,3,,C1,Lift C1,HUBZFD-1000080-FBH-14,HUBZFD-1000080-RPL S-4,,HUBZFD-1000080-WLL-17,False,
HUBZFD,HUBZFD-Lift-4,4,,C2,Lift C2,HUBZFD-1000080-FBH-14,HUBZFD-1000080-RPL S-4,,HUBZFD-1000080-WLL-17,False,
HUBZFD,HUBZFD-Lift-5,5,,D,Lift D,HUBZFD-1000080-FBH-14,,,HUBZFD-1000080-RPL N-5,False,
HUBZFD,HUBZFD-Lift-7,7,,F,Lift F,HUBZFD-1000080-LLBH-20,,,HUBZFD-1000080-EUL-19,False,
HUBZFD,HUBZFD-Lift-8,8,,E,Lift E,HUBZFD-1000080-EUL-19,,,HUBZFD-1000080-ELL-18,False,
HUBZFD,HUBZFD-Lift-9,9,,G,Lift G,HUBZFD-1000080-EUL-19,,,HUBZFD-1000080-BWSLL-23,False,
HUBEAL,HUBEAL-Lift-1,1,,,Lift 1,HUBEAL-1000062-FBdg-12,,,HUBEAL-1000062-RPL1-8,False,
HUBEAL,HUBEAL-Lift-3,3,,,Lift 3,HUBEAL-1000062-FBdg-12,,,HUBEAL-1000062-RPL2-11,False,
HUBEAL,HUBEAL-Lift-2,2,,,Lift 2,HUBEAL-1000062-FBdg-12,,,HUBEAL-1000062-RPL3-14,False,
HUBAMR,HUBAMR-Lift-1,1,,,Lift 1,HUBAMR-1000006-MetSB-1,,,HUBAMR-1000006-Footb-5,False,
HUBAMR,HUBAMR-Lift-2,2,,,Lift 2,HUBAMR-1000006-Footb-5,,,HUBAMR-1000006-MetNB-2|HUBAMR-1000006-RPL-6,False,
HUBZMG,HUBZMG-Lift-1,1,,B,Lift B,HUBZMG-1000149-BookW-17,HUBZMG-1000149-HamWB-3,,HUBZMG-1000149-MMLW-20,False,
HUBZMG,HUBZMG-Lift-4,4,,A,Lift A,HUBZMG-1000149-BookW-17,,,HUBZMG-1000149-HamEB-2,False,
HUBZMG,HUBZMG-Lift-5,5,,C,Lift C,HUBZMG-1000149-MLPW-21,,,HUBZMG-1000149-NorNB-8|HUBZMG-1000149-NorSB-9,False,
HUBZMG,HUBZMG-Lift-2,2,,D,Lift D,HUBZMG-1000149-MMEL-24,HUBZMG-1000149-MLPE-22,,HUBZMG-1000149-MMLE-23,False,
HUBZWL,HUBZWL-Lift-2,2,,F,Lift 2,HUBZWL-1000268-LoCo-9,HUBZWL-1000268-RPL-S-5,,HUBZWL-1000268-EL EB-12|HUBZWL-1000268-EL WB-15,False,
HUBZWL,HUBZWL-Lift-3,3,,E,Lift 3,HUBZWL-1000268-LoCo-9,,,HUBZWL-1000268-RPL-N-4,False,
HUBZWL,HUBZWL-Lift-4,4,,B,Lift 4,HUBZWL-1000268-TH-14,,,HUBZWL-1000268-LoCo-9,False,
HUBZWL,HUBZWL-Lift-5,5,,C,Lift 5,HUBZWL-1000268-TH-14,HUBZWL-1000268-DisEB-2|HUBZWL-1000268-DisWB-3,,HUBZWL-1000268-RPL-N-4,False,
HUBZWL,HUBZWL-Lift-10,10,,D,Lift 10,HUBZWL-1000268-TH-14,,,HUBZWL-1000268-DisEB-2|HUBZWL-1000268-DisWB-3,False,
HUBZWL,HUBZWL-Lift-6,6,,G,Lift 6,HUBZWL-1000268-DisEB-2|HUBZWL-1000268-DisWB-3,,,HUBZWL-1000268-RPL-S-5,False,
HUBZWL,HUBZWL-Lift-7,7,,A,Lift 7,HUBZWL-1000268-A-WHI-6,,,HUBZWL-1000268-TH-14,False,
940GZZNEUGST,940GZZNEUGST-Lift-1,1,,,Lift 1,940GZZNEUGST-1002196-BH-2,,,940GZZNEUGST-1002196-SB-4|940GZZNEUGST-1002196-NB-5,False,
940GZZBPSUST,940GZZBPSUST-Lift-1,1,,,Lift 1,940GZZBPSUST-1002195-BH-2,,,940GZZBPSUST-1002195-Lan-3,False,
940GZZBPSUST,940GZZBPSUST-Lift-2,2,,,Lift 2,940GZZBPSUST-1002195-Lan-3,,,940GZZBPSUST-1002195-P1-4|940GZZBPSUST-1002195-P2-5,False,
910GWOLWXR,910GWOLWXR-Lift-1,1,,,Lift 1 ,910GWOLWXR-1002162-BH-3,,,910GWOLWXR-1002162-EL EB-1|910GWOLWXR-1002162-EL WB-4,False,
HUBABW,HUBABW-Lift1,1,,,Lift 1,HUBABW-1001001-WILTO-1,,,HUBABW-1001001-HARRO-2,False,
HUBABW,HUBABW-Lift2,2,,,Lift 2,HUBABW-1001001-FELIX-6,,,HUBABW-1001001-HARRO-2,False,
HUBABW,HUBABW-Lift3,3,,,Lift 3,HUBABW-1001001-TH-11,,,HUBABW-1001001-RPLD-3|HUBABW-1001001-RPLC-7,False,
HUBABW,HUBABW-Lift4,4,,,Lift 4,HUBABW-1001001-TH-11,,,HUBABW-1001001-EL EB-8|HUBABW-1001001-EL WB-9,False,
940GZZLUBBN,940GZZLUBBN-Lift-7,7,,F,Lift F,940GZZLUBBN-1000014-LLBH-20,,,940GZZLUBBN-1000014-EUL-19,False,
940GZZLUBBN,940GZZLUBBN-Lift-9,9,,G,Lift G,940GZZLUBBN-1000014-EUL-19,,,940GZZLUBBN-1000014-BWSLL-23,False,
910GROMFORD,910GROMFORD-Lift-1 ,1,,,Lift 1,910GROMFORD-1001243-EntM-3,,,910GROMFORD-1001243-UP-11,False,
910GROMFORD,910GROMFORD-Lift-2 ,2,,,Lift 2,910GROMFORD-1001243-UP-11,,,910GROMFORD-1001243-RPL-3-5,False,
910GROMFORD,910GROMFORD-Lift-3,3,,,Lift 3,910GROMFORD-1001243-UP-11,,,910GROMFORD-1001243-RPL-5-6,False,
910GBKRVS,910GBKRVS-Lift-1,1,,,Lift 1 ,910GBKRVS-1002272-RLY-5,,,910GBKRVS-1002272-RPL-2-2|910GBKRVS-1002272-RPL-1-4,False,
910GBKRVS,910GBKRVS-Lift-2,2,,,Lift 2,910GBKRVS-1002272-RLY-5,,,910GBKRVS-1002272-RPL-2-2|910GBKRVS-1002272-RPL-1-4,False,
HUBBAL,910GBALHAM-Lift-1,1,,,Lift 1 ,HUBBAL-1000328-ENTBR-8,,,HUBBAL-1000328-RPL-7,False,
